<?xml version="1.0"?>
<SystemSoftSetting xmlns:xsd="http://www.w3.org/2001/XMLSchema" xmlns:xsi="http://www.w3.org/2001/XMLSchema-instance">
  <formCategory>
    <SoftEntity>
      <Sid>31</Sid>
      <SName>ColorPix</SName>
      <SImage>images/ColorPix.jpg</SImage>
      <LogImage>/upload/ColorPix.png</LogImage>
      <Category>4</Category>
      <Description>ColorPix（俗称：拾色器）实时获取鼠标节点的颜色。</Description>
      <Version>1.0.1.2</Version>
      <Scroll>0</Scroll>
      <ExeSize>0.01</ExeSize>
      <Points>0</Points>
      <ExePath>/upload/ColorPix.zip</ExePath>
      <Deleted>0</Deleted>
      <Remark1>http://bbs.weilitang.com/VoidPage.aspx?id=31</Remark1>
      <Isty>4</Isty>
    </SoftEntity>
    <SoftEntity>
      <Sid>116</Sid>
      <SName>QQ群成员群发消息助手</SName>
      <SImage>images/qqqcyqfxxzs.jpg</SImage>
      <LogImage>/upload/qqqcyqfxxzs.png</LogImage>
      <Category>2</Category>
      <Description>QQ群成员群发消息助手是一款可以自动给指定的群成员以及群进行自动发送消息，PC端模拟操作鼠标进行发送，避免封号的危险，全部自定义设置。</Description>
      <Version>1.0.0.2</Version>
      <Scroll>0</Scroll>
      <ExeSize>0.04</ExeSize>
      <Points>0</Points>
      <ExePath>/upload/QQ群成员群发消息助手.zip</ExePath>
      <Deleted>0</Deleted>
      <Remark1>http://bbs.weilitang.com/VoidPage.aspx?id=116</Remark1>
      <Isty>1</Isty>
    </SoftEntity>
    <SoftEntity>
      <Sid>115</Sid>
      <SName>QQ空间批量删除日志助手</SName>
      <SImage>images/qqkjscrzzs.jpg</SImage>
      <LogImage>/upload/qqkjscrzzs.png</LogImage>
      <Category>1</Category>
      <Description>QQ空间批量删除日志助手是一款自动化批量删除空间日志的软件，有了它空间的日志不怕在占用空间，支持批量采集选择性的删除想要清理的日志，随时随地都可以进行空间的大清理。</Description>
      <Version>1.0.0.0</Version>
      <Scroll>0</Scroll>
      <ExeSize>0.04</ExeSize>
      <Points>0</Points>
      <ExePath>/upload/QQ空间批量删除日志助手.zip</ExePath>
      <Deleted>0</Deleted>
      <Remark1>http://bbs.weilitang.com/VoidPage.aspx?id=115</Remark1>
      <Isty>1</Isty>
    </SoftEntity>
    <SoftEntity>
      <Sid>114</Sid>
      <SName>QQ空间批量删除说说</SName>
      <SImage>images/qqkjplscss.jpg</SImage>
      <LogImage>/upload/qqkjplscss.png</LogImage>
      <Category>1</Category>
      <Description>QQ空间批量删除说说批量删除空间已发布的说说你，便于清理空间的存储空间，自定义选择想要删除的说说，解放你的双手。</Description>
      <Version>1.0.0.1</Version>
      <Scroll>0</Scroll>
      <ExeSize>0.04</ExeSize>
      <Points>0</Points>
      <ExePath>/upload/QQ空间批量删除说说.zip</ExePath>
      <Deleted>0</Deleted>
      <Remark1>http://bbs.weilitang.com/VoidPage.aspx?id=114</Remark1>
      <Isty>1</Isty>
    </SoftEntity>
    <SoftEntity>
      <Sid>113</Sid>
      <SName>QQ空间刷日志人气助手</SName>
      <SImage>images/qqkjsrzrqzs.jpg</SImage>
      <LogImage>/upload/qqkjsrzrqzs.png</LogImage>
      <Category>1</Category>
      <Description>QQ空间刷日志人气助手是一款自动刷日志浏览量的软件，选择你想要刷的日志，自定义你要刷新的量，全程自动化，日志浏览量随时随地刷，想怎么刷就怎么刷。</Description>
      <Version>1.0.0.0</Version>
      <Scroll>0</Scroll>
      <ExeSize>0.04</ExeSize>
      <Points>0</Points>
      <ExePath>/upload/QQ空间刷日志人气助手.zip</ExePath>
      <Deleted>0</Deleted>
      <Remark1>http://bbs.weilitang.com/VoidPage.aspx?id=113</Remark1>
      <Isty>1</Isty>
    </SoftEntity>
    <SoftEntity>
      <Sid>112</Sid>
      <SName>QQ空间批量发日志</SName>
      <SImage>images/qqkjplfrz.jpg</SImage>
      <LogImage>/upload/qqkjplfrz.png</LogImage>
      <Category>2</Category>
      <Description>QQ空间批量发日志是一款支持多账户批量发布日志，全程自动化，只需手动编辑好要发的日志即可，解放你的双手。</Description>
      <Version>1.0.0.0</Version>
      <Scroll>0</Scroll>
      <ExeSize>0.04</ExeSize>
      <Points>0</Points>
      <ExePath>/upload/QQ空间批量发日志.zip</ExePath>
      <Deleted>0</Deleted>
      <Remark1>http://bbs.weilitang.com/VoidPage.aspx?id=112</Remark1>
      <Isty>1</Isty>
    </SoftEntity>
    <SoftEntity>
      <Sid>111</Sid>
      <SName>企点QQ自动加群</SName>
      <SImage>images/qdqqzdjq.jpg</SImage>
      <LogImage>/upload/qdqqzdjq.png</LogImage>
      <Category>2</Category>
      <Description>企点QQ自动加群是一款自动添加群，可以自定义添加群号数据进行添加，同时也支持按照关键字搜索群进行添加，全程自动化，解放你的双手。</Description>
      <Version>0.0.0.1</Version>
      <Scroll>0</Scroll>
      <ExeSize>0.04</ExeSize>
      <Points>0</Points>
      <ExePath>/upload/企点QQ自动加群.zip</ExePath>
      <Deleted>0</Deleted>
      <Remark1>http://bbs.weilitang.com/VoidPage.aspx?id=111</Remark1>
      <Isty>5</Isty>
    </SoftEntity>
    <SoftEntity>
      <Sid>110</Sid>
      <SName>QQ空间批量发说说</SName>
      <SImage>images/qqkjplfss.jpg</SImage>
      <LogImage>/upload/qqkjplfss.png</LogImage>
      <Category>2</Category>
      <Description>QQ空间批量发说说是一款支持批量登录QQ账户,批量在空间发布说说，全程自动化，支持说说内容添加表情。</Description>
      <Version>1.0.0.0</Version>
      <Scroll>0</Scroll>
      <ExeSize>0.04</ExeSize>
      <Points>0</Points>
      <ExePath>/upload/QQ空间批量发说说.zip</ExePath>
      <Deleted>0</Deleted>
      <Remark1>http://bbs.weilitang.com/VoidPage.aspx?id=110</Remark1>
      <Isty>1</Isty>
    </SoftEntity>
    <SoftEntity>
      <Sid>109</Sid>
      <SName>企点QQ自动加好友</SName>
      <SImage>images/qdqqzdjhy.jpg</SImage>
      <LogImage>/upload/qdqqzdjhy.png</LogImage>
      <Category>2</Category>
      <Description>企点QQ自动加好友是一款自动自动添加好友的软,实现了自动化操作加人，你只需要提供相应的数据，软件将自动发送加人请求，从此解放你的双手，话术加自动化操作，加粉儿不再是难事儿。</Description>
      <Version>0.0.0.1</Version>
      <Scroll>0</Scroll>
      <ExeSize>0.04</ExeSize>
      <Points>0</Points>
      <ExePath>/upload/企点QQ自动加好友.zip</ExePath>
      <Deleted>0</Deleted>
      <Remark1>http://bbs.weilitang.com/VoidPage.aspx?id=109</Remark1>
      <Isty>5</Isty>
    </SoftEntity>
    <SoftEntity>
      <Sid>108</Sid>
      <SName>QQ空间日志说说分享器</SName>
      <SImage>images/qqkjrzssfxq.jpg</SImage>
      <LogImage>/upload/qqkjrzssfxq.png</LogImage>
      <Category>2</Category>
      <Description>QQ空间日志说说分享器是一款将QQ空间指定的说说或者日志进行批量分享到QQ群当中去，全程自动化操作，解放你的双手。</Description>
      <Version>0.0.0.2</Version>
      <Scroll>0</Scroll>
      <ExeSize>0.04</ExeSize>
      <Points>0</Points>
      <ExePath>/upload/QQ空间日志说说分享器.zip</ExePath>
      <Deleted>0</Deleted>
      <Remark1>http://bbs.weilitang.com/VoidPage.aspx?id=108</Remark1>
      <Isty>5</Isty>
    </SoftEntity>
    <SoftEntity>
      <Sid>107</Sid>
      <SName>QQ附近人点赞发消息</SName>
      <SImage>images/qqfjrdzfxx.jpg</SImage>
      <LogImage>/upload/qqfjrdzfxx.png</LogImage>
      <Category>2</Category>
      <Description>QQ附近人点赞发消息是一款自动给QQ附近人疯狂刷赞、发消息，可定定义设置发消息内容，想要点赞的总人数，不用加好友也可以发消息。</Description>
      <Version>0.0.0.2</Version>
      <Scroll>0</Scroll>
      <ExeSize>0.04</ExeSize>
      <Points>0</Points>
      <ExePath>/upload/QQ附近人点赞发消息.zip</ExePath>
      <Deleted>0</Deleted>
      <Remark1>http://bbs.weilitang.com/VoidPage.aspx?id=107</Remark1>
      <Isty>5</Isty>
    </SoftEntity>
    <SoftEntity>
      <Sid>106</Sid>
      <SName>QQ一键修改群名片</SName>
      <SImage>images/qqyjxgqmp.jpg</SImage>
      <LogImage>/upload/qqyjxgqmp.png</LogImage>
      <Category>2</Category>
      <Description>QQ一键修改群名片是一款自动批量修改群名片，随时随地想怎么改就怎么改，解放你的双手，你值得拥有。</Description>
      <Version>0.0.0.1</Version>
      <Scroll>0</Scroll>
      <ExeSize>0.04</ExeSize>
      <Points>0</Points>
      <ExePath>/upload/QQ一键修改群名片.zip</ExePath>
      <Deleted>0</Deleted>
      <Remark1>http://bbs.weilitang.com/VoidPage.aspx?id=106</Remark1>
      <Isty>5</Isty>
    </SoftEntity>
    <SoftEntity>
      <Sid>105</Sid>
      <SName>QQ空间定时说说删除器</SName>
      <SImage>images/qqkjdsssscq.jpg</SImage>
      <LogImage>/upload/kjdsssscq.png</LogImage>
      <Category>1</Category>
      <Description>QQ空间定时说说删除器是一款批量删除定时说说，由于腾讯的限制，定时说说攒积到一定的量就无法定时发说说了，需手动一条条删除，费时又费力，拥有了它从此解放你的双手，随时随地自动清除。</Description>
      <Version>1.0.0.0</Version>
      <Scroll>0</Scroll>
      <ExeSize>0.04</ExeSize>
      <Points>0</Points>
      <ExePath>/upload/QQ空间定时说说删除器.zip</ExePath>
      <Deleted>0</Deleted>
      <Remark1>http://bbs.weilitang.com/VoidPage.aspx?id=105</Remark1>
      <Isty>1</Isty>
    </SoftEntity>
    <SoftEntity>
      <Sid>104</Sid>
      <SName>微信群一键群发消息</SName>
      <SImage>images/wxqyjqfxx.jpg</SImage>
      <LogImage>/upload/wxyjqfxx.png</LogImage>
      <Category>2</Category>
      <Description>微信群一键群发消息是一款自动给微信群群发消息，解放你的双手，是做淘宝客的好帮手，你值得拥有。</Description>
      <Version>0.0.0.2</Version>
      <Scroll>0</Scroll>
      <ExeSize>0.04</ExeSize>
      <Points>0</Points>
      <ExePath>/upload/微信群一键群发消息.zip</ExePath>
      <Deleted>0</Deleted>
      <Remark1>http://bbs.weilitang.com/VoidPage.aspx?id=104</Remark1>
      <Isty>5</Isty>
    </SoftEntity>
    <SoftEntity>
      <Sid>103</Sid>
      <SName>微信自动清理僵尸粉</SName>
      <SImage>images/wxzdqljsf.jpg</SImage>
      <LogImage>/upload/wxzdqljsf.png</LogImage>
      <Category>2</Category>
      <Description>微信自动清理僵尸粉是一款通过给好友发消息，软件通过发送消息检测出对方是否将你删除，一旦被认定为僵尸粉儿，将自动将其删除，不在为僵尸而苦恼啦。</Description>
      <Version>0.0.0.3</Version>
      <Scroll>0</Scroll>
      <ExeSize>0.04</ExeSize>
      <Points>0</Points>
      <ExePath>/upload/微信自动清理僵尸粉.zip</ExePath>
      <Deleted>0</Deleted>
      <Remark1>http://bbs.weilitang.com/VoidPage.aspx?id=103</Remark1>
      <Isty>5</Isty>
    </SoftEntity>
    <SoftEntity>
      <Sid>102</Sid>
      <SName>微信好友群发消息</SName>
      <SImage>images/wxhyqfxx.jpg</SImage>
      <LogImage>/upload/wxhyqfxx.png</LogImage>
      <Category>2</Category>
      <Description>微信好友群发消息是一款自动给你的微信好友群发消息，不再为推广引流而困扰，解放你的双手，随时随地发送消息，是你我之间信息传递的好帮手。</Description>
      <Version>0.0.0.2</Version>
      <Scroll>0</Scroll>
      <ExeSize>0.04</ExeSize>
      <Points>0</Points>
      <ExePath>/upload/微信好友群发消息.zip</ExePath>
      <Deleted>0</Deleted>
      <Remark1>http://bbs.weilitang.com/VoidPage.aspx?id=102</Remark1>
      <Isty>5</Isty>
    </SoftEntity>
    <SoftEntity>
      <Sid>101</Sid>
      <SName>微信自动接受新朋友</SName>
      <SImage>images/wxzdjsxpy.jpg</SImage>
      <LogImage>/upload/wxzdjsxpy.png</LogImage>
      <Category>2</Category>
      <Description>微信自动接受新朋友是一款自动接受新的朋友请求，可自定义设置每次接受多少个新的朋友请求，全程都是自动化操作，解放你的双手，不在为接受新的朋友请求而烦恼，你值得拥有。</Description>
      <Version>0.0.0.1</Version>
      <Scroll>0</Scroll>
      <ExeSize>0.04</ExeSize>
      <Points>0</Points>
      <ExePath>/upload/微信自动接受新朋友.zip</ExePath>
      <Deleted>0</Deleted>
      <Remark1>http://bbs.weilitang.com/VoidPage.aspx?id=101</Remark1>
      <Isty>5</Isty>
    </SoftEntity>
    <SoftEntity>
      <Sid>100</Sid>
      <SName>微信自动加群成员</SName>
      <SImage>images/wxzdjqcy.jpg</SImage>
      <LogImage>/upload/wxzdjqcy.png</LogImage>
      <Category>2</Category>
      <Description>微信自动加群成员是一款自动添加群成员，只需指定要添加的群，启动软件之后将自动模拟手动逐个添加群里的每个成员，是一款不错的微商营销软件，解放你的双手。</Description>
      <Version>0.0.0.3</Version>
      <Scroll>0</Scroll>
      <ExeSize>0.04</ExeSize>
      <Points>0</Points>
      <ExePath>/upload/微信自动加群成员.zip</ExePath>
      <Deleted>0</Deleted>
      <Remark1>http://bbs.weilitang.com/VoidPage.aspx?id=100</Remark1>
      <Isty>5</Isty>
    </SoftEntity>
    <SoftEntity>
      <Sid>99</Sid>
      <SName>微信一键点赞评论</SName>
      <SImage>images/wxyjdzpl.jpg</SImage>
      <LogImage>/upload/wxyjdzpl.png</LogImage>
      <Category>2</Category>
      <Description>微信一键点赞评论是一款自动给你的朋友圈点赞评论，可自定义设置评语内容，可选择是否同时点赞评论，或只赞不评，是提高朋友圈人气的营销神器。</Description>
      <Version>0.0.0.8</Version>
      <Scroll>0</Scroll>
      <ExeSize>0.04</ExeSize>
      <Points>0</Points>
      <ExePath>/upload/微信一键点赞评论.zip</ExePath>
      <Deleted>0</Deleted>
      <Remark1>http://bbs.weilitang.com/VoidPage.aspx?id=99</Remark1>
      <Isty>5</Isty>
    </SoftEntity>
    <SoftEntity>
      <Sid>98</Sid>
      <SName>一点资讯信息采集评论</SName>
      <SImage>images/ydz.jpg</SImage>
      <LogImage>/upload/ydz.png</LogImage>
      <Category>2</Category>
      <Description>一点资讯信息采集评论是一款基于数据挖掘的推荐引擎产品，它为用户推荐有价值的、个性化的信息，提供连接人与信息的新型服务，一点资讯上的文章阅读量巨大，所以有人的地方就可以进行营销，一点资讯信息采集评论具有强大的文章采集和评论功能，能够将您的信息发布到任何的文章评论中。软件可以按关键词搜索文章进行评论。</Description>
      <Version>1.0.0.3</Version>
      <Scroll>0</Scroll>
      <ExeSize>0.04</ExeSize>
      <Points>0</Points>
      <ExePath>/upload/一点资讯信息采集评论.zip</ExePath>
      <Deleted>0</Deleted>
      <Remark1>http://bbs.weilitang.com/VoidPage.aspx?id=98</Remark1>
      <Isty>3</Isty>
    </SoftEntity>
    <SoftEntity>
      <Sid>97</Sid>
      <SName>批量图片网址生成器</SName>
      <SImage>images/pltuwzscq.jpg</SImage>
      <LogImage>/upload/pltuwzscq.png</LogImage>
      <Category>1</Category>
      <Description>批量图片网址生成器是一款自动生成图片网址的好帮手，导入一批图片可自动化生成网址利于我们更好的推广。</Description>
      <Version>1.0.0.2</Version>
      <Scroll>0</Scroll>
      <ExeSize>0.04</ExeSize>
      <Points>0</Points>
      <ExePath>/upload/批量图片网址生成器.zip</ExePath>
      <Deleted>0</Deleted>
      <Remark1>http://bbs.weilitang.com/VoidPage.aspx?id=97</Remark1>
      <Isty>1</Isty>
    </SoftEntity>
    <SoftEntity>
      <Sid>96</Sid>
      <SName>QQ群消息群发器</SName>
      <SImage>images/qqqxxqfq.jpg</SImage>
      <LogImage>/upload/qqqxxqfq.png</LogImage>
      <Category>2</Category>
      <Description>QQ群消息群发器是一款通过群链接进行批量发送消息，解放你的双手，我的群我做主。</Description>
      <Version>1.0.0.4</Version>
      <Scroll>0</Scroll>
      <ExeSize>0.04</ExeSize>
      <Points>0</Points>
      <ExePath>/upload/QQ群消息群发器.zip</ExePath>
      <Deleted>0</Deleted>
      <Remark1>http://bbs.weilitang.com/VoidPage.aspx?id=96</Remark1>
      <Isty>1</Isty>
    </SoftEntity>
    <SoftEntity>
      <Sid>95</Sid>
      <SName>QQ群链接批量生成器</SName>
      <SImage>images/qqqljplscq.jpg</SImage>
      <LogImage>/upload/qqqljplscq.png</LogImage>
      <Category>2</Category>
      <Description>QQ群链接批量生成器是一款批量生成群链接，可随时随地将你的群链接共享出去，加人不再是难事儿。</Description>
      <Version>1.0.0.1</Version>
      <Scroll>0</Scroll>
      <ExeSize>0.04</ExeSize>
      <Points>0</Points>
      <ExePath>/upload/QQ群链接批量生成器.zip</ExePath>
      <Deleted>0</Deleted>
      <Remark1>http://bbs.weilitang.com/VoidPage.aspx?id=95</Remark1>
      <Isty>1</Isty>
    </SoftEntity>
    <SoftEntity>
      <Sid>94</Sid>
      <SName>QQ临时会话群发器</SName>
      <SImage>images/qqhhqfq.jpg</SImage>
      <LogImage>/upload/qqhhqfq.png</LogImage>
      <Category>2</Category>
      <Description>QQ临时会话群发器是一款针对支持临时会话的QQ进行自动发消息，无需将对方加为自己的好友就可以轻松的传递消息，全程实现自动化操作，随时随地都可以传递信息，选择它就对了。</Description>
      <Version>1.0.0.7</Version>
      <Scroll>0</Scroll>
      <ExeSize>0.04</ExeSize>
      <Points>0</Points>
      <ExePath>/upload/QQ临时会话群发器.zip</ExePath>
      <Deleted>0</Deleted>
      <Remark1>http://bbs.weilitang.com/VoidPage.aspx?id=94</Remark1>
      <Isty>1</Isty>
    </SoftEntity>
    <SoftEntity>
      <Sid>93</Sid>
      <SName>QQ消息群发器</SName>
      <SImage>images/qqplxx.jpg</SImage>
      <LogImage>/upload/qqfxx.png</LogImage>
      <Category>1</Category>
      <Description>QQ消息群发器是一款自动给自己的好友群发消息，全程实现自动化操作，解放你的双手，快速传递信息。</Description>
      <Version>1.0.1.0</Version>
      <Scroll>0</Scroll>
      <ExeSize>0.04</ExeSize>
      <Points>0</Points>
      <ExePath>/upload/QQ消息群发器.zip</ExePath>
      <Deleted>0</Deleted>
      <Remark1>http://bbs.weilitang.com/VoidPage.aspx?id=93</Remark1>
      <Isty>1</Isty>
    </SoftEntity>
    <SoftEntity>
      <Sid>92</Sid>
      <SName>批量生成短链接工具</SName>
      <SImage>images/plscdljgj.jpg</SImage>
      <LogImage>/upload/plscdljgj.png</LogImage>
      <Category>4</Category>
      <Description>批量生成短链接工具是一款批量将长链接转换为短链接，以便于大家更好的推广自己的链接地址，想要远离长链接那就选择它。</Description>
      <Version>1.0.0.3</Version>
      <Scroll>0</Scroll>
      <ExeSize>0.04</ExeSize>
      <Points>0</Points>
      <ExePath>/upload/批量生成短链接工具.zip</ExePath>
      <Deleted>0</Deleted>
      <Remark1>http://bbs.weilitang.com/VoidPage.aspx?id=92</Remark1>
      <Isty>4</Isty>
    </SoftEntity>
    <SoftEntity>
      <Sid>91</Sid>
      <SName>微信批量加好友</SName>
      <SImage>images/wxpljhy.jpg</SImage>
      <LogImage>/upload/wxpljhy.png</LogImage>
      <Category>2</Category>
      <Description>微信批量加好友是一款将采集的微信号批量添加为自己的好友，点击开始工作软件自动发送加好友请求，解放你的双手，微信全自动化加粉儿，你值得拥有。</Description>
      <Version>1.0.1.0</Version>
      <Scroll>0</Scroll>
      <ExeSize>0.04</ExeSize>
      <Points>0</Points>
      <ExePath>/upload/微信批量加好友.zip</ExePath>
      <Deleted>0</Deleted>
      <Remark1>http://bbs.weilitang.com/VoidPage.aspx?id=91</Remark1>
      <Isty>2</Isty>
    </SoftEntity>
    <SoftEntity>
      <Sid>90</Sid>
      <SName>QQ号批量生成QQ邮箱</SName>
      <SImage>images/qqplscyx.jpg</SImage>
      <LogImage>/upload/qqplscyx.png</LogImage>
      <Category>4</Category>
      <Description>QQ号批量生成QQ邮箱是一款将你所采集的精准客户QQ一键生成邮箱，是你传递信息的好帮手，不再为邮箱的获取途径而苦恼。</Description>
      <Version>1.0.0.1</Version>
      <Scroll>0</Scroll>
      <ExeSize>0.04</ExeSize>
      <Points>0</Points>
      <ExePath>/upload/QQ号批量生成QQ邮箱.zip</ExePath>
      <Deleted>0</Deleted>
      <Remark1>http://bbs.weilitang.com/VoidPage.aspx?id=90</Remark1>
      <Isty>4</Isty>
    </SoftEntity>
    <SoftEntity>
      <Sid>89</Sid>
      <SName>QQ空间访问检测助手</SName>
      <SImage>images/qqkjfwjczs.jpg</SImage>
      <LogImage>/upload/qqkjfwjczs.png</LogImage>
      <Category>2</Category>
      <Description>QQ空间访问检测助手一款能够快速检测陌生人的空间是否设置权限，使你能够快速确定对方空间是否可访问，随时随地掌握非好友空间状态信息。</Description>
      <Version>1.0.0.3</Version>
      <Scroll>0</Scroll>
      <ExeSize>0.04</ExeSize>
      <Points>0</Points>
      <ExePath>/upload/QQ空间访问检测助手.zip</ExePath>
      <Deleted>0</Deleted>
      <Remark1>http://bbs.weilitang.com/VoidPage.aspx?id=89</Remark1>
      <Isty>1</Isty>
    </SoftEntity>
    <SoftEntity>
      <Sid>87</Sid>
      <SName>微信自助回复助手</SName>
      <SImage>images/wxzdhf.jpg</SImage>
      <LogImage>/upload/wxzdhf.png</LogImage>
      <Category>2</Category>
      <Description>微信自助回复助手是一款可以通过设置相应的关键字与微信好友进行自动回复通话的营销神器，解放你的双手，选择它就对了。</Description>
      <Version>1.0.0.8</Version>
      <Scroll>0</Scroll>
      <ExeSize>0.04</ExeSize>
      <Points>0</Points>
      <ExePath>/upload/微信自助回复助手.zip</ExePath>
      <Deleted>0</Deleted>
      <Remark1>http://bbs.weilitang.com/VoidPage.aspx?id=87</Remark1>
      <Isty>2</Isty>
    </SoftEntity>
    <SoftEntity>
      <Sid>86</Sid>
      <SName>360地图客户精准提取助手</SName>
      <SImage>images/360CJ.jpg</SImage>
      <LogImage>/upload/360CJ.png</LogImage>
      <Category>2</Category>
      <Description>360地图客户精准提取助手是一款通过关键词采集相关的客户信息，随手掌控客户的地址电话信息神器。</Description>
      <Version>1.0.0.5</Version>
      <Scroll>0</Scroll>
      <ExeSize>0.04</ExeSize>
      <Points>0</Points>
      <ExePath>/upload/360地图客户精准提取助手.zip</ExePath>
      <Deleted>0</Deleted>
      <Remark1>http://bbs.weilitang.com/VoidPage.aspx?id=86</Remark1>
      <Isty>4</Isty>
    </SoftEntity>
    <SoftEntity>
      <Sid>85</Sid>
      <SName>高德地图精准客户采集</SName>
      <SImage>images/gdcj.jpg</SImage>
      <LogImage>/upload/gdcj.png</LogImage>
      <Category>2</Category>
      <Description>高德地图精准客户采集是一款通过关键词采集相关的客户信息，随手掌控客户的地址电话信息神器。</Description>
      <Version>1.0.0.6</Version>
      <Scroll>0</Scroll>
      <ExeSize>0.04</ExeSize>
      <Points>0</Points>
      <ExePath>/upload/高德地图精准客户采集.zip</ExePath>
      <Deleted>0</Deleted>
      <Remark1>http://bbs.weilitang.com/VoidPage.aspx?id=85</Remark1>
      <Isty>4</Isty>
    </SoftEntity>
    <SoftEntity>
      <Sid>84</Sid>
      <SName>QQ附近人定位采集器</SName>
      <SImage>images/fjrdw.jpg</SImage>
      <LogImage>/upload/fjrdw.png</LogImage>
      <Category>2</Category>
      <Description>QQ附近人定位采集器是一款通过QQ定位采集附近人的营销神器，让你随手掌握附近人的动向，将不再为粉丝而发愁。</Description>
      <Version>1.0.0.4</Version>
      <Scroll>0</Scroll>
      <ExeSize>0.04</ExeSize>
      <Points>0</Points>
      <ExePath>/upload/QQ附近人定位采集器.zip</ExePath>
      <Deleted>0</Deleted>
      <Remark1>http://bbs.weilitang.com/VoidPage.aspx?id=84</Remark1>
      <Isty>1</Isty>
    </SoftEntity>
    <SoftEntity>
      <Sid>83</Sid>
      <SName>百度地图精准客户采集</SName>
      <SImage>images/bdcjyhxx.jpg</SImage>
      <LogImage>/upload/bdcjyhxx.png</LogImage>
      <Category>2</Category>
      <Description>百度地图精准客户采集是一款通过关键词采集相关的客户信息，随手掌控客户的地址电话信息神器。</Description>
      <Version>1.0.1.0</Version>
      <Scroll>0</Scroll>
      <ExeSize>0.04</ExeSize>
      <Points>0</Points>
      <ExePath>/upload/百度地图精准客户采集.zip</ExePath>
      <Deleted>0</Deleted>
      <Remark1>http://bbs.weilitang.com/VoidPage.aspx?id=83</Remark1>
      <Isty>4</Isty>
    </SoftEntity>
    <SoftEntity>
      <Sid>82</Sid>
      <SName>今日头条营销助手</SName>
      <SImage>images/jrtt.jpg</SImage>
      <LogImage>/upload/jrtt.png</LogImage>
      <Category>2</Category>
      <Description>今日头条营销助手是一款基于数据挖掘的推荐引擎产品，它为用户推荐有价值的、个性化的信息，提供连接人与信息的新型服务，今日头条上的文章阅读量巨大，所以有人的地方就可以进行营销，今日头条营销助手具有强大的文章采集和评论功能，能够将您的信息发布到任何的文章评论中。软件可以按关键词搜索文章进行评论。软件还具有随机选取评语和随机时间段内评论一篇文章，尽量避免封号等。评论时，评语后自动携带当前评论时间，避免评论内容的重复和评论失败。有了今日头条营销助手这款利器，您的今日头条营销推广之旅将会更加轻松高效。</Description>
      <Version>1.0.1.3</Version>
      <Scroll>0</Scroll>
      <ExeSize>0.04</ExeSize>
      <Points>0</Points>
      <ExePath>/upload/今日头条营销助手.zip</ExePath>
      <Deleted>0</Deleted>
      <Remark1>http://bbs.weilitang.com/VoidPage.aspx?id=82</Remark1>
      <Isty>3</Isty>
    </SoftEntity>
    <SoftEntity>
      <Sid>81</Sid>
      <SName>58同城信息采集</SName>
      <SImage>images/58cj.jpg</SImage>
      <LogImage>/upload/58cj.png</LogImage>
      <Category>2</Category>
      <Description>58同城信息采集软件是一款可以采集各个城市不同模块不同分类信息，随时了解最新信息动态。</Description>
      <Version>1.0.0.5</Version>
      <Scroll>0</Scroll>
      <ExeSize>0.04</ExeSize>
      <Points>0</Points>
      <ExePath>/upload/58同城信息采集.zip</ExePath>
      <Deleted>0</Deleted>
      <Remark1>http://bbs.weilitang.com/VoidPage.aspx?id=81</Remark1>
      <Isty>4</Isty>
    </SoftEntity>
    <SoftEntity>
      <Sid>80</Sid>
      <SName>QQ空间日志点赞评论访客采集</SName>
      <SImage>images/kjrzcj.jpg</SImage>
      <LogImage>/upload/kjrzcj.png</LogImage>
      <Category>2</Category>
      <Description>QQ空间日志点赞评论访客采集是一款能够批量采集空间日志点赞的访客，支持批量点赞和评论。</Description>
      <Version>1.0.0.5</Version>
      <Scroll>0</Scroll>
      <ExeSize>0.04</ExeSize>
      <Points>0</Points>
      <ExePath>/upload/QQ空间日志点赞评论访客采集.zip</ExePath>
      <Deleted>0</Deleted>
      <Remark1>http://bbs.weilitang.com/VoidPage.aspx?id=80</Remark1>
      <Isty>1</Isty>
    </SoftEntity>
    <SoftEntity>
      <Sid>79</Sid>
      <SName>QQ检测是否支持临时会话</SName>
      <SImage>images/qqjchyhh.jpg</SImage>
      <LogImage>/upload/qqlshh.png</LogImage>
      <Category>2</Category>
      <Description>QQ检测是否支持临时会话检测导入的QQ是否支持临时回话。</Description>
      <Version>1.0.0.2</Version>
      <Scroll>0</Scroll>
      <ExeSize>0.04</ExeSize>
      <Points>0</Points>
      <ExePath>/upload/QQ检测是否支持临时会话.zip</ExePath>
      <Deleted>0</Deleted>
      <Remark1>http://bbs.weilitang.com/VoidPage.aspx?id=79</Remark1>
      <Isty>1</Isty>
    </SoftEntity>
    <SoftEntity>
      <Sid>78</Sid>
      <SName>微信群发消息</SName>
      <SImage>images/wxq.jpg</SImage>
      <LogImage>/upload/wxqfxxd.png</LogImage>
      <Category>2</Category>
      <Description>微信群发消息是一款针对你标注的群，批量发消息的营销软件。</Description>
      <Version>1.0.0.5</Version>
      <Scroll>0</Scroll>
      <ExeSize>0.04</ExeSize>
      <Points>0</Points>
      <ExePath>/upload/微信群发消息.zip</ExePath>
      <Deleted>0</Deleted>
      <Remark1>http://bbs.weilitang.com/VoidPage.aspx?id=78</Remark1>
      <Isty>2</Isty>
    </SoftEntity>
    <SoftEntity>
      <Sid>66</Sid>
      <SName>微信自动发消息助手</SName>
      <SImage>images/wxzdfxxrj.jpg</SImage>
      <LogImage>/upload/wxzdfxx.png</LogImage>
      <Category>2</Category>
      <Description>(模拟版)微信自动发消息助手是一款模拟鼠标事件的发消息营销软件，点击登录微信扫描二维码,设置消息内容,软件全自动逐个朋友发送你设置的消息,消息可包含表情,文字,网址.</Description>
      <Version>1.0.0.3</Version>
      <Scroll>0</Scroll>
      <ExeSize>0.04</ExeSize>
      <Points>0</Points>
      <ExePath>/upload/微信自动发消息助手.zip</ExePath>
      <Deleted>0</Deleted>
      <Remark1>http://bbs.weilitang.com/VoidPage.aspx?id=66</Remark1>
      <Isty>2</Isty>
    </SoftEntity>
    <SoftEntity>
      <Sid>76</Sid>
      <SName>QQ一键邀请好友进群</SName>
      <SImage>images/qq30.jpg</SImage>
      <LogImage>/upload/30.png</LogImage>
      <Category>2</Category>
      <Description>QQ一键邀请好友进群是一款活跃，丰富你个人群的营销软件。</Description>
      <Version>1.0.0.7</Version>
      <Scroll>0</Scroll>
      <ExeSize>0.04</ExeSize>
      <Points>0</Points>
      <ExePath>/upload/QQ一键邀请好友进群.zip</ExePath>
      <Deleted>0</Deleted>
      <Remark1>http://bbs.weilitang.com/VoidPage.aspx?id=76</Remark1>
      <Isty>1</Isty>
    </SoftEntity>
    <SoftEntity>
      <Sid>75</Sid>
      <SName>QQ批量添加营销QQ</SName>
      <SImage>images/qqpljyxqq.jpg</SImage>
      <LogImage>/upload/qqplyxqq.png</LogImage>
      <Category>2</Category>
      <Description>QQ批量添加营销QQ是款个人QQ批量加营销QQ的软件。增强营销QQ活跃度。</Description>
      <Version>1.0.0.1</Version>
      <Scroll>0</Scroll>
      <ExeSize>0.04</ExeSize>
      <Points>0</Points>
      <ExePath>/upload/QQ批量添加营销QQ.zip</ExePath>
      <Deleted>0</Deleted>
      <Remark1>http://bbs.weilitang.com/VoidPage.aspx?id=75</Remark1>
      <Isty>1</Isty>
    </SoftEntity>
    <SoftEntity>
      <Sid>74</Sid>
      <SName>微信互斥类多开软件</SName>
      <SImage>images/wxhcrjdk.jpg</SImage>
      <LogImage>/upload/wxhcrjdk.png</LogImage>
      <Category>4</Category>
      <Description>微信互斥类多开软件是一款针对互斥软件多开的小工具。</Description>
      <Version>1.0.0.0</Version>
      <Scroll>0</Scroll>
      <ExeSize>0.04</ExeSize>
      <Points>0</Points>
      <ExePath>/upload/微信互斥类多开软件.zip</ExePath>
      <Deleted>0</Deleted>
      <Remark1>http://bbs.weilitang.com/VoidPage.aspx?id=74</Remark1>
      <Isty>2</Isty>
    </SoftEntity>
    <SoftEntity>
      <Sid>72</Sid>
      <SName>163邮件群发器</SName>
      <SImage>images/163yjqf.jpg</SImage>
      <LogImage>/upload/163yjqfq.png</LogImage>
      <Category>2</Category>
      <Description>163邮件群发器是一款针邮件发送而制作的群发器。</Description>
      <Version>1.0.1.0</Version>
      <Scroll>0</Scroll>
      <ExeSize>0.04</ExeSize>
      <Points>0</Points>
      <ExePath>/upload/163邮件群发器.zip</ExePath>
      <Deleted>0</Deleted>
      <Remark1>http://bbs.weilitang.com/VoidPage.aspx?id=72</Remark1>
      <Isty>4</Isty>
    </SoftEntity>
    <SoftEntity>
      <Sid>32</Sid>
      <SName>MtPcl</SName>
      <SImage>images/MtPcl.jpg</SImage>
      <LogImage>/upload/MtPcl.png</LogImage>
      <Category>4</Category>
      <Description>美图秀秀批处理软件（MtPcl）是一款图片批量处理软件。软件功能强大，可以实现批量对图片加水印的操作，由于功能非常的实用方便，就有网友提取了此功能制作成了独立运行的绿色版本，如果是有批量处理水印的需求，相信美图秀秀批处理工具能够帮助您轻松提升效率.</Description>
      <Version>1.0.0.0</Version>
      <Scroll>0</Scroll>
      <ExeSize>9.99</ExeSize>
      <Points>0</Points>
      <ExePath>/upload/MtPcl.zip</ExePath>
      <Deleted>0</Deleted>
      <Remark1>http://bbs.weilitang.com/VoidPage.aspx?id=32</Remark1>
      <Isty>4</Isty>
    </SoftEntity>
    <SoftEntity>
      <Sid>45</Sid>
      <SName>马可波罗信息采集分享</SName>
      <SImage>images/mkbo.jpg</SImage>
      <LogImage>/upload/mkblxx.png</LogImage>
      <Category>1</Category>
      <Description>马可波罗信息采集分享是一款企业，产品，商机信息的收集专家，是一个可以快速收集详细客户资料的工具软件，是开发潜在客户的最佳助手。</Description>
      <Version>1.0.0.2</Version>
      <Scroll>0</Scroll>
      <ExeSize>0.87</ExeSize>
      <Points>0</Points>
      <ExePath>/upload/马可波罗信息采集分享.zip</ExePath>
      <Deleted>0</Deleted>
      <Remark1>http://bbs.weilitang.com/VoidPage.aspx?id=45</Remark1>
      <Isty>4</Isty>
    </SoftEntity>
    <SoftEntity>
      <Sid>71</Sid>
      <SName>QQ说说点赞采集</SName>
      <SImage>images/QQssdzcj.jpg</SImage>
      <LogImage>/upload/qqsscj.png</LogImage>
      <Category>2</Category>
      <Description>QQ说说点赞采集是一款针对说说点赞访客而制作的采集软件。</Description>
      <Version>1.0.0.4</Version>
      <Scroll>0</Scroll>
      <ExeSize>0.04</ExeSize>
      <Points>0</Points>
      <ExePath>/upload/QQ说说点赞采集.zip</ExePath>
      <Deleted>0</Deleted>
      <Remark1>http://bbs.weilitang.com/VoidPage.aspx?id=71</Remark1>
      <Isty>1</Isty>
    </SoftEntity>
    <SoftEntity>
      <Sid>15</Sid>
      <SName>图片转换工具</SName>
      <SImage>images/tpzhgj.jpg</SImage>
      <LogImage>/upload/TPZH.png</LogImage>
      <Category>4</Category>
      <Description>图片转换器能够实现批量图片格式转换。支持各种常用图片格式：BMP、PNG、JPG等，并且支持效果图预览设置，图片重命名及图片统一重命名。
图片转换器还可以按照比例或自定的数值调整图片的尺寸、旋转图片，操作简单、直观</Description>
      <Version>2.3.0.0</Version>
      <Scroll>0</Scroll>
      <ExeSize>1.58</ExeSize>
      <Points>0</Points>
      <ExePath>/upload/图片转换工具.zip</ExePath>
      <Deleted>0</Deleted>
      <Remark1>http://bbs.weilitang.com/VoidPage.aspx?id=15</Remark1>
      <Isty>4</Isty>
    </SoftEntity>
    <SoftEntity>
      <Sid>70</Sid>
      <SName>QQ自动加群</SName>
      <SImage>images/qqzdjqzs.jpg</SImage>
      <LogImage>/upload/qqzdjqzslg.png</LogImage>
      <Category>2</Category>
      <Description>QQ自动加群是一款针对QQ群开发的软件，他可以自动搜索群号，自动加入群。</Description>
      <Version>1.0.0.9</Version>
      <Scroll>0</Scroll>
      <ExeSize>0.04</ExeSize>
      <Points>0</Points>
      <ExePath>/upload/QQ自动加群.zip</ExePath>
      <Deleted>0</Deleted>
      <Remark1>http://bbs.weilitang.com/VoidPage.aspx?id=70</Remark1>
      <Isty>1</Isty>
    </SoftEntity>
    <SoftEntity>
      <Sid>30</Sid>
      <SName>IM</SName>
      <SImage>images/IM.jpg</SImage>
      <LogImage>/upload/IM.png</LogImage>
      <Category>4</Category>
      <Description>Image Mender 一款专业的去除图片水印或划痕的软件。如果你的图片中有一些你不满意的瑕疵，你不必动用庞大PS来兴师动众处理，只需要使用IM就可以轻松搞定。你只需用它的“魔术笔”涂抹照片中想要消除的对象，然后点击IM按钮即可神奇地让它完美消失。</Description>
      <Version>0.0.1.22</Version>
      <Scroll>0</Scroll>
      <ExeSize>6.87</ExeSize>
      <Points>0</Points>
      <ExePath>/upload/IM.zip</ExePath>
      <Deleted>0</Deleted>
      <Remark1>http://bbs.weilitang.com/VoidPage.aspx?id=30</Remark1>
      <Isty>4</Isty>
    </SoftEntity>
    <SoftEntity>
      <Sid>69</Sid>
      <SName>手机号开通微信检测</SName>
      <SImage>images/sjktwxjc.jpg</SImage>
      <LogImage>/upload/sjktwxtc.png</LogImage>
      <Category>2</Category>
      <Description>手机号开通微信检测是一款针对手机号码是否注册微信而制作的软件，支持检测微信号、QQ号、手机号，批量检测账户是否存在。</Description>
      <Version>1.0.0.7</Version>
      <Scroll>0</Scroll>
      <ExeSize>0.04</ExeSize>
      <Points>0</Points>
      <ExePath>/upload/手机号开通微信检测.zip</ExePath>
      <Deleted>0</Deleted>
      <Remark1>http://bbs.weilitang.com/VoidPage.aspx?id=69</Remark1>
      <Isty>2</Isty>
    </SoftEntity>
    <SoftEntity>
      <Sid>68</Sid>
      <SName>Discuz论坛万能顶贴机</SName>
      <SImage>images/discuzltwn.jpg</SImage>
      <LogImage>/upload/dzlutt.png</LogImage>
      <Category>2</Category>
      <Description>Discuz论坛万能顶贴机是一款针对Discuz论坛开发的万能顶贴机，只要论坛是采用Discuz开发的，该工具可实现对论坛帖子的顶贴，评论等功能！</Description>
      <Version>1.0.0.1</Version>
      <Scroll>0</Scroll>
      <ExeSize>0.04</ExeSize>
      <Points>0</Points>
      <ExePath>/upload/Discuz论坛万能顶贴机.zip</ExePath>
      <Deleted>0</Deleted>
      <Remark1>http://bbs.weilitang.com/VoidPage.aspx?id=68</Remark1>
      <Isty>3</Isty>
    </SoftEntity>
    <SoftEntity>
      <Sid>67</Sid>
      <SName>QQ兴趣部落营销大师</SName>
      <SImage>images/xqblxxds.jpg</SImage>
      <LogImage>/upload/qqxqbu.png</LogImage>
      <Category>2</Category>
      <Description>QQ兴趣部落营销大师是一款QQ移动软件工作室针对QQ兴趣部落所推出的营销工具。这款qq兴趣部落营销软件界面小巧、功能强大，能帮助用户在QQ兴趣部落社区中快速发帖、抢楼等功能，让你更有效率的进行营销！</Description>
      <Version>1.0.1.4</Version>
      <Scroll>0</Scroll>
      <ExeSize>0.04</ExeSize>
      <Points>0</Points>
      <ExePath>/upload/QQ兴趣部落营销大师.zip</ExePath>
      <Deleted>0</Deleted>
      <Remark1>http://bbs.weilitang.com/VoidPage.aspx?id=67</Remark1>
      <Isty>1</Isty>
    </SoftEntity>
    <SoftEntity>
      <Sid>77</Sid>
      <SName>微信自动发消息</SName>
      <SImage>images/wxhy.jpg</SImage>
      <LogImage>/upload/wxfxx.png</LogImage>
      <Category>2</Category>
      <Description>(协议版)微信自动发消息是一款协议版发消息软件，点击登录微信扫描二维码,设置消息内容,软件全自动逐个朋友发送你设置的消息,消息可包含表情,文字,网址.</Description>
      <Version>1.0.0.8</Version>
      <Scroll>0</Scroll>
      <ExeSize>0.04</ExeSize>
      <Points>0</Points>
      <ExePath>/upload/微信自动发消息.zip</ExePath>
      <Deleted>0</Deleted>
      <Remark1>http://bbs.weilitang.com/VoidPage.aspx?id=77</Remark1>
      <Isty>2</Isty>
    </SoftEntity>
    <SoftEntity>
      <Sid>65</Sid>
      <SName>新浪微博点赞评论</SName>
      <SImage>images/xlwbdzol.jpg</SImage>
      <LogImage>/upload/xlwbrj.png</LogImage>
      <Category>2</Category>
      <Description>新浪微博点赞评论,微博粉丝的数量严重影响了企业的品牌以及个人在大众心目中的形象和高度，如果你还没意思到加粉的重要性那你就out拉，现在很多知名的企业知名的品牌都做了加粉，你还等什么呢。本软件可让你不用动手，就可以给别人点赞评论，评论的内容，可以自己来写。只要发出动态就能第一时间点赞和评论，从而增长你的粉丝。</Description>
      <Version>1.0.1.3</Version>
      <Scroll>0</Scroll>
      <ExeSize>0.04</ExeSize>
      <Points>0</Points>
      <ExePath>/upload/新浪微博点赞评论.zip</ExePath>
      <Deleted>0</Deleted>
      <Remark1>http://bbs.weilitang.com/VoidPage.aspx?id=65</Remark1>
      <Isty>4</Isty>
    </SoftEntity>
    <SoftEntity>
      <Sid>64</Sid>
      <SName>百度私信</SName>
      <SImage>images/bdfsx.jpg</SImage>
      <LogImage>/upload/bdsxt.png</LogImage>
      <Category>2</Category>
      <Description>百度私信是一款批量发私信的营销软件。它可以为用户提供百度网的账号批量登陆、信息群发等功能。有了这款软件之后就可以在百度网更加轻松地进行消息推广和营销。</Description>
      <Version>1.0.1.0</Version>
      <Scroll>0</Scroll>
      <ExeSize>0.04</ExeSize>
      <Points>0</Points>
      <ExePath>/upload/百度私信.zip</ExePath>
      <Deleted>0</Deleted>
      <Remark1>http://bbs.weilitang.com/VoidPage.aspx?id=64</Remark1>
      <Isty>3</Isty>
    </SoftEntity>
    <SoftEntity>
      <Sid>63</Sid>
      <SName>QQ自动加好友</SName>
      <SImage>images/qqzdjhy.jpg</SImage>
      <LogImage>/upload/qzdjhy.png</LogImage>
      <Category>2</Category>
      <Description>QQ自动加好友是一款可以批量添加qq好友，是qq营销的必备软件，可以避免手动操作中的繁琐。</Description>
      <Version>1.0.0.9</Version>
      <Scroll>0</Scroll>
      <ExeSize>0.04</ExeSize>
      <Points>0</Points>
      <ExePath>/upload/QQ自动加好友.zip</ExePath>
      <Deleted>0</Deleted>
      <Remark1>http://bbs.weilitang.com/VoidPage.aspx?id=63</Remark1>
      <Isty>1</Isty>
    </SoftEntity>
    <SoftEntity>
      <Sid>61</Sid>
      <SName>生意宝</SName>
      <SImage>images/syb.jpg</SImage>
      <LogImage>/upload/syb.png</LogImage>
      <Category>3</Category>
      <Description>生意宝是一款多源多需求的精准信息采集工具。可以快速收集企业网站上面的详细客户资料的工具软件，是开发潜在客户的最佳助手。</Description>
      <Version>1.0.0.2</Version>
      <Scroll>0</Scroll>
      <ExeSize>0.04</ExeSize>
      <Points>8</Points>
      <ExePath>/upload/生意宝.zip</ExePath>
      <Deleted>0</Deleted>
      <Remark1>http://bbs.weilitang.com/VoidPage.aspx?id=61</Remark1>
      <Isty>4</Isty>
    </SoftEntity>
    <SoftEntity>
      <Sid>62</Sid>
      <SName>QQ好友提取</SName>
      <SImage>images/qqhytqt.jpg</SImage>
      <LogImage>/upload/QQhytq.png</LogImage>
      <Category>2</Category>
      <Description>QQ好友提取工具是一款绿色免费的QQ好友提取器。该工具可以根据好友分组分别提取好友信息，对没有QQ会员的用户来说十分方便。</Description>
      <Version>1.0.0.4</Version>
      <Scroll>0</Scroll>
      <ExeSize>0.04</ExeSize>
      <Points>0</Points>
      <ExePath>/upload/QQ好友提取.zip</ExePath>
      <Deleted>0</Deleted>
      <Remark1>http://bbs.weilitang.com/VoidPage.aspx?id=62</Remark1>
      <Isty>1</Isty>
    </SoftEntity>
    <SoftEntity>
      <Sid>59</Sid>
      <SName>豆瓣发私信</SName>
      <SImage>images/dbfsx.jpg</SImage>
      <LogImage>/upload/dbfsx.png</LogImage>
      <Category>2</Category>
      <Description>豆瓣发私信是一款界面简洁、功能丰富的豆瓣发私信软件，它可以为用户提供豆瓣网的账号批量登陆、信息群发、消息推广、小组发帖跟帖等功能。有了这款软件之后就可以在豆瓣网更加轻松地进行消息推广和营销。</Description>
      <Version>1.0.0.3</Version>
      <Scroll>0</Scroll>
      <ExeSize>0.04</ExeSize>
      <Points>0</Points>
      <ExePath>/upload/豆瓣发私信.zip</ExePath>
      <Deleted>0</Deleted>
      <Remark1>http://bbs.weilitang.com/VoidPage.aspx?id=59</Remark1>
      <Isty>3</Isty>
    </SoftEntity>
    <SoftEntity>
      <Sid>60</Sid>
      <SName>慧聪企业信息采集</SName>
      <SImage>images/hctycj.jpg</SImage>
      <LogImage>/upload/hcwqycjq.png</LogImage>
      <Category>3</Category>
      <Description>企业信息收集专家慧聪网是一个可以快速收集慧聪网站上面详细客户资料的工具软件，它可以分行业、分地区提取慧聪网站上面的所有注册客户信息，主要包括公司名称、联系人、电话、手机号、传真号、企业简介、产品说明、地址等，便于进行客户筛选，是开发潜在客户的最佳助手。</Description>
      <Version>1.0.0.5</Version>
      <Scroll>0</Scroll>
      <ExeSize>0.04</ExeSize>
      <Points>10</Points>
      <ExePath>/upload/慧聪企业信息采集.zip</ExePath>
      <Deleted>0</Deleted>
      <Remark1>http://bbs.weilitang.com/VoidPage.aspx?id=60</Remark1>
      <Isty>4</Isty>
    </SoftEntity>
    <SoftEntity>
      <Sid>58</Sid>
      <SName>QQ群刷活跃度助手</SName>
      <SImage>images/qqqshyd.jpg</SImage>
      <LogImage>/upload/qqqshyd.png</LogImage>
      <Category>2</Category>
      <Description>QQ群刷活跃度助手登录自己的QQ在所有群或者指定群中 发公告 签到 发动态 发图片动态 发投票 点赞群动态 评论群动态 上传图片到群相册！有需要的赶紧来下载使用吧。通过刷QQ群的活跃度、批量签到、批量群投票来让Q群的排名提高，这款QQ群刷排名软件功能强大、操作简单，用户只要输入相应的QQ账号，就能对所指定的QQ群快速刷排名等级，提高知名度!</Description>
      <Version>1.0.1.1</Version>
      <Scroll>0</Scroll>
      <ExeSize>0.04</ExeSize>
      <Points>0</Points>
      <ExePath>/upload/QQ群刷活跃度助手.zip</ExePath>
      <Deleted>0</Deleted>
      <Remark1>http://bbs.weilitang.com/VoidPage.aspx?id=58</Remark1>
      <Isty>1</Isty>
    </SoftEntity>
    <SoftEntity>
      <Sid>57</Sid>
      <SName>QQ加好友检测</SName>
      <SImage>images/qqjhyjc.jpg</SImage>
      <LogImage>/upload/qqjhyjc.png</LogImage>
      <Category>2</Category>
      <Description>其实大家都知道，在qq里面加好友总是要验证，这样加的好友一多久浪费了很多时间，其实现在只需要用到QQ加好友检测软件，就能够帮分辨出哪些需要验证码、哪些可以直接添加，这样可以让我们添加好友时更醒目。</Description>
      <Version>1.0.1.7</Version>
      <Scroll>0</Scroll>
      <ExeSize>0.04</ExeSize>
      <Points>0</Points>
      <ExePath>/upload/QQ加好友检测.zip</ExePath>
      <Deleted>0</Deleted>
      <Remark1>http://bbs.weilitang.com/VoidPage.aspx?id=57</Remark1>
      <Isty>1</Isty>
    </SoftEntity>
    <SoftEntity>
      <Sid>52</Sid>
      <SName>QQ认证空间关键词精准营销工具</SName>
      <SImage>images/qqrzkjcj.jpg</SImage>
      <LogImage>/upload/qqrzyx.png</LogImage>
      <Category>2</Category>
      <Description>QQ认证空间关键词精准营销工具是一款通过关键词检索QQ认证空间号码的精准营销工具。输入关键词就可以查找到已认证的QQ里面的所需的资料，从而能够更好的得到信息资料。</Description>
      <Version>1.0.0.8</Version>
      <Scroll>0</Scroll>
      <ExeSize>0.01</ExeSize>
      <Points>28</Points>
      <ExePath>/upload/QQ认证空间关键词精准营销工具.zip</ExePath>
      <Deleted>0</Deleted>
      <Remark1>http://bbs.weilitang.com/VoidPage.aspx?id=52</Remark1>
      <Isty>1</Isty>
    </SoftEntity>
    <SoftEntity>
      <Sid>51</Sid>
      <SName>QQ群关键词精准营销工具</SName>
      <SImage>images/qqqgjccj.jpg</SImage>
      <LogImage>/upload/qqqgjcyx.png</LogImage>
      <Category>2</Category>
      <Description>QQ群关键词精准营销工具是一款通过关键词检索QQ群号码的精准营销工具。只需一个关键词精准搜索营销目标，轻松上手，数据就金钱，拥有数据就是拥有财富。</Description>
      <Version>1.0.1.3</Version>
      <Scroll>0</Scroll>
      <ExeSize>0.01</ExeSize>
      <Points>26</Points>
      <ExePath>/upload/QQ群关键词精准营销工具.zip</ExePath>
      <Deleted>0</Deleted>
      <Remark1>http://bbs.weilitang.com/VoidPage.aspx?id=51</Remark1>
      <Isty>1</Isty>
    </SoftEntity>
    <SoftEntity>
      <Sid>56</Sid>
      <SName>阿里巴巴企业信息采集助手</SName>
      <SImage>images/albbqyxxcj.jpg</SImage>
      <LogImage>/upload/albb.png</LogImage>
      <Category>1</Category>
      <Description>阿里巴巴企业信息采集助手，是采集阿里巴巴（中国站）里面的会员信息的一款全自动信息提取软件。提取的信息包括：旺旺账号、产品名称、公司名称、价格。使你快速精准了解同类公司产品信息。</Description>
      <Version>1.0.0.8</Version>
      <Scroll>0</Scroll>
      <ExeSize>0.04</ExeSize>
      <Points>0</Points>
      <ExePath>/upload/阿里巴巴企业信息采集助手.zip</ExePath>
      <Deleted>0</Deleted>
      <Remark1>http://bbs.weilitang.com/VoidPage.aspx?id=56</Remark1>
      <Isty>4</Isty>
    </SoftEntity>
    <SoftEntity>
      <Sid>50</Sid>
      <SName>QQ号关键词精准营销工具</SName>
      <SImage>images/qqhgjccj.jpg</SImage>
      <LogImage>/upload/qqgjcjzyx.png</LogImage>
      <Category>2</Category>
      <Description>QQ号关键词精准营销工具只需一个关键词精准搜索营销目标，轻松上手，数据就金钱，拥有数据就是拥有财富。软件特点:QQ号码搜索，地区、状态、关键词等精准搜索．</Description>
      <Version>1.0.1.2</Version>
      <Scroll>0</Scroll>
      <ExeSize>0.01</ExeSize>
      <Points>22</Points>
      <ExePath>/upload/QQ号关键词精准营销工具.zip</ExePath>
      <Deleted>0</Deleted>
      <Remark1>http://bbs.weilitang.com/VoidPage.aspx?id=50</Remark1>
      <Isty>1</Isty>
    </SoftEntity>
    <SoftEntity>
      <Sid>54</Sid>
      <SName>淘宝商家采集助手</SName>
      <SImage>images/tbsjcj.jpg</SImage>
      <LogImage>/upload/taobaosj.png</LogImage>
      <Category>3</Category>
      <Description>淘宝商家采集助手一款针对指定淘宝卖家营销推广的工具，淘宝买家采集器实现对旺旺帐号/店铺类型/宝贝信息进行批量采集淘宝买家旺旺号并加以利用营销推广，支持导出进行二次利用！是淘宝营销和数据分析的必备利器。</Description>
      <Version>1.0.0.6</Version>
      <Scroll>0</Scroll>
      <ExeSize>0.04</ExeSize>
      <Points>10</Points>
      <ExePath>/upload/淘宝商家采集助手.zip</ExePath>
      <Deleted>0</Deleted>
      <Remark1>http://bbs.weilitang.com/VoidPage.aspx?id=54</Remark1>
      <Isty>4</Isty>
    </SoftEntity>
    <SoftEntity>
      <Sid>34</Sid>
      <SName>QQ相册说说访客采集器</SName>
      <SImage>images/qqxcssfkcj.jpg</SImage>
      <LogImage>/upload/qqkjfkxc.png</LogImage>
      <Category>3</Category>
      <Description>QQ相册说说访客采集器一款采集好友QQ相册的访客及说说的评论者的qq软件，并且支持采集相册的访客及说说的评论者的qq号码。</Description>
      <Version>1.0.0.8</Version>
      <Scroll>0</Scroll>
      <ExeSize>0.01</ExeSize>
      <Points>10</Points>
      <ExePath>/upload/QQ相册说说访客采集器.zip</ExePath>
      <Deleted>0</Deleted>
      <Remark1>http://bbs.weilitang.com/VoidPage.aspx?id=34</Remark1>
      <Isty>1</Isty>
    </SoftEntity>
    <SoftEntity>
      <Sid>33</Sid>
      <SName>QQ邮箱群发器</SName>
      <SImage>images/qqyxqfq.jpg</SImage>
      <LogImage>/upload/qqyxqfq.png</LogImage>
      <Category>2</Category>
      <Description>QQ邮箱群发器是一款可以帮助用户进行邮件营销推广的软件。QQ邮箱群发器功能包括支持多封邮件正文，支持多任务同时工作.</Description>
      <Version>1.0.0.7</Version>
      <Scroll>0</Scroll>
      <ExeSize>0.01</ExeSize>
      <Points>0</Points>
      <ExePath>/upload/QQ邮箱群发器.zip</ExePath>
      <Deleted>0</Deleted>
      <Remark1>http://bbs.weilitang.com/VoidPage.aspx?id=33</Remark1>
      <Isty>1</Isty>
    </SoftEntity>
    <SoftEntity>
      <Sid>27</Sid>
      <SName>营销QQ自动加好友</SName>
      <SImage>images/yxqqzdjhy.jpg</SImage>
      <LogImage>/upload/YXJHY.png</LogImage>
      <Category>2</Category>
      <Description>营销QQ自动加好友，可以批量添加qq好友，导入要被添加的号码文件，即可自动添加qq好友，十分方便。好用省力，快速高效，解放双手，qq批量加好友必备。</Description>
      <Version>1.0.0.5</Version>
      <Scroll>0</Scroll>
      <ExeSize>4.50</ExeSize>
      <Points>26</Points>
      <ExePath>/upload/营销QQ自动加好友.zip</ExePath>
      <Deleted>0</Deleted>
      <Remark1>http://bbs.weilitang.com/VoidPage.aspx?id=27</Remark1>
      <Isty>1</Isty>
    </SoftEntity>
    <SoftEntity>
      <Sid>26</Sid>
      <SName>营销QQ消息群发器</SName>
      <SImage>images/yxqqxxqf.jpg</SImage>
      <LogImage>/upload/YXQF.png</LogImage>
      <Category>2</Category>
      <Description>营销QQ消息群发器是一款操作简单的qq信息群发软件，无论是qq好友、qq群、群友还是陌生人，您都可以将自己想要的内容群发成功。</Description>
      <Version>1.0.0.7</Version>
      <Scroll>0</Scroll>
      <ExeSize>2.29</ExeSize>
      <Points>28</Points>
      <ExePath>/upload/营销QQ消息群发器.zip</ExePath>
      <Deleted>0</Deleted>
      <Remark1>http://bbs.weilitang.com/VoidPage.aspx?id=26</Remark1>
      <Isty>1</Isty>
    </SoftEntity>
    <SoftEntity>
      <Sid>25</Sid>
      <SName>西祠社区回帖助手</SName>
      <SImage>images/xcsqht.jpg</SImage>
      <LogImage>/upload/xcsqht.png</LogImage>
      <Category>2</Category>
      <Description>西祠社区回帖助手一款针对西祠论坛的营销推广软件，西祠论坛用户量巨大，百度权重非常高！每分钟都有数十万上百万的用户在线！使用西祠论坛顶帖软件可以帮您打造热帖，几万到几十万的浏览量都不是问题！</Description>
      <Version>1.0.0.8</Version>
      <Scroll>0</Scroll>
      <ExeSize>2.23</ExeSize>
      <Points>0</Points>
      <ExePath>/upload/西祠社区回帖助手.zip</ExePath>
      <Deleted>0</Deleted>
      <Remark1>http://bbs.weilitang.com/VoidPage.aspx?id=25</Remark1>
      <Isty>3</Isty>
    </SoftEntity>
    <SoftEntity>
      <Sid>24</Sid>
      <SName>问问精准关键词用户提取</SName>
      <SImage>images/wwjzgjzyx.jpg</SImage>
      <LogImage>/upload/WWJZ.png</LogImage>
      <Category>2</Category>
      <Description>问问精准关键词用户提取软件是针对卖家所研究的一款软件，通过本软件可以查到全部在问问提到的问题，比如，有些人想买衣服，你可以导入关键词衣服，就可以查找到客户的所有的资料，从而更好的给客户介绍自己的产品，本软件只针对问问所研究的软件，不懂可以咨询客服。</Description>
      <Version>1.0.0.6</Version>
      <Scroll>0</Scroll>
      <ExeSize>0.04</ExeSize>
      <Points>0</Points>
      <ExePath>/upload/问问精准关键词用户提取.zip</ExePath>
      <Deleted>0</Deleted>
      <Remark1>http://bbs.weilitang.com/VoidPage.aspx?id=24</Remark1>
      <Isty>4</Isty>
    </SoftEntity>
    <SoftEntity>
      <Sid>53</Sid>
      <SName>腾讯微博点赞和评论</SName>
      <SImage>images/txwbdz.jpg</SImage>
      <LogImage>/upload/txwb.png</LogImage>
      <Category>3</Category>
      <Description>腾讯微博点赞和评论是一款针对腾讯微博营销推广的工具，微博粉丝的数量严重影响了企业的品牌以及个人在大众心目中的形象和高度，如果你还没意思到加粉的重要性那你就out拉，现在很多知名的企业知名的品牌都做了加粉，你还等什么呢。本软件可让你不用动手，就可以给别人点赞评论，评论的内容，可以自己来写。只要发出动态就能第一时间点赞和评论，从而增长你的粉丝。</Description>
      <Version>1.0.1.1</Version>
      <Scroll>0</Scroll>
      <ExeSize>0.01</ExeSize>
      <Points>15</Points>
      <ExePath>/upload/腾讯微博点赞和评论.zip</ExePath>
      <Deleted>0</Deleted>
      <Remark1>http://bbs.weilitang.com/VoidPage.aspx?id=53</Remark1>
      <Isty>1</Isty>
    </SoftEntity>
    <SoftEntity>
      <Sid>49</Sid>
      <SName>网易论坛采集顶帖助手</SName>
      <SImage>images/wydtj.jpg</SImage>
      <LogImage>/upload/wyltcj.png</LogImage>
      <Category>3</Category>
      <Description>网易论坛采集顶帖助手是一款针对网易论坛制作的营销推广工具。本软件可以全自动顶贴你设置好的帖子，使帖子一直在论坛前面，也可以自动采集获取指定关键词的帖子地址进行灌水推广，让你拥有大量浏览量，方便用户产品推广！</Description>
      <Version>1.0.0.8</Version>
      <Scroll>0</Scroll>
      <ExeSize>0.01</ExeSize>
      <Points>19</Points>
      <ExePath>/upload/网易论坛采集顶帖助手.zip</ExePath>
      <Deleted>0</Deleted>
      <Remark1>http://bbs.weilitang.com/VoidPage.aspx?id=49</Remark1>
      <Isty>3</Isty>
    </SoftEntity>
    <SoftEntity>
      <Sid>47</Sid>
      <SName>豆瓣顶帖机</SName>
      <SImage>images/dbdtj.jpg</SImage>
      <LogImage>/upload/dbdtj.png</LogImage>
      <Category>3</Category>
      <Description>豆瓣顶帖机一款小巧但非常实用的论坛营销工具，回帖速度快，效率高，运行稳定，支持优优云打码平台，帮助用户实现自动打码，同时这款软件还支持多个账号、多个帖子同时顶贴，顶贴的时间、选项都可自定义，可帮助用户实现24小时无人操作自动顶贴，是宣传和广告必备的一款软件</Description>
      <Version>1.0.0.9</Version>
      <Scroll>0</Scroll>
      <ExeSize>2.26</ExeSize>
      <Points>19</Points>
      <ExePath>/upload/豆瓣顶帖机.zip</ExePath>
      <Deleted>0</Deleted>
      <Remark1>http://bbs.weilitang.com/VoidPage.aspx?id=47</Remark1>
      <Isty>3</Isty>
    </SoftEntity>
    <SoftEntity>
      <Sid>46</Sid>
      <SName>猫扑回帖助手</SName>
      <SImage>images/mphtzs.jpg</SImage>
      <LogImage>/upload/mpht.png</LogImage>
      <Category>3</Category>
      <Description>猫扑回帖助手一款小巧但非常实用的营销工具，回帖速度快，效率高，运行稳定，全程无验证码，日常论坛营销的得力助手，软件附带打卡与批量采集功能，这款软件就可以为你创造出价值。</Description>
      <Version>1.0.0.5</Version>
      <Scroll>0</Scroll>
      <ExeSize>1.97</ExeSize>
      <Points>18</Points>
      <ExePath>/upload/猫扑回帖助手.zip</ExePath>
      <Deleted>0</Deleted>
      <Remark1>http://bbs.weilitang.com/VoidPage.aspx?id=46</Remark1>
      <Isty>3</Isty>
    </SoftEntity>
    <SoftEntity>
      <Sid>44</Sid>
      <SName>百度贴吧帖子采集器</SName>
      <SImage>images/bdtb.jpg</SImage>
      <LogImage>/upload/bdtb.png</LogImage>
      <Category>3</Category>
      <Description>百度贴吧帖子采集器一款功能非常强大的百度贴吧顶贴软件，通过这款软件可以帮助用户快速将一个或多个帖子进行盖楼，让其长期呆在首页，非常适合需要使用百度贴吧进行打广告的用户。</Description>
      <Version>1.0.1.3</Version>
      <Scroll>0</Scroll>
      <ExeSize>0.01</ExeSize>
      <Points>26</Points>
      <ExePath>/upload/百度贴吧帖子采集器.zip</ExePath>
      <Deleted>0</Deleted>
      <Remark1>http://bbs.weilitang.com/VoidPage.aspx?id=44</Remark1>
      <Isty>3</Isty>
    </SoftEntity>
    <SoftEntity>
      <Sid>43</Sid>
      <SName>纵横刷书评</SName>
      <SImage>images/zhsps.jpg</SImage>
      <LogImage>/upload/zhps.png</LogImage>
      <Category>3</Category>
      <Description>纵横刷书评是一款能够对书籍进行快速发表评论的软件，支持多帐号，随机评论内容，支持挂机模式，不间断发送，对增加书籍的人气，进行高效快捷的宣传和推广有着不可多得的帮助功效。
</Description>
      <Version>1.0.0.6</Version>
      <Scroll>0</Scroll>
      <ExeSize>1.55</ExeSize>
      <Points>24</Points>
      <ExePath>/upload/纵横刷书评.zip</ExePath>
      <Deleted>0</Deleted>
      <Remark1>http://bbs.weilitang.com/VoidPage.aspx?id=43</Remark1>
      <Isty>3</Isty>
    </SoftEntity>
    <SoftEntity>
      <Sid>42</Sid>
      <SName>百度知道问答采集器</SName>
      <SImage>images/bdzdwdcj.jpg</SImage>
      <LogImage>/upload/DouBan.png</LogImage>
      <Category>3</Category>
      <Description>百度知道问答采集器可以实现对百度知道的问题进行搜索，并对其进行采集，搜索关键词，可以采集该有关该关键词的所有问题.
</Description>
      <Version>1.0.0.8</Version>
      <Scroll>0</Scroll>
      <ExeSize>0.01</ExeSize>
      <Points>22</Points>
      <ExePath>/upload/百度知道问答采集器.zip</ExePath>
      <Deleted>0</Deleted>
      <Remark1>http://bbs.weilitang.com/VoidPage.aspx?id=42</Remark1>
      <Isty>3</Isty>
    </SoftEntity>
    <SoftEntity>
      <Sid>41</Sid>
      <SName>豆瓣回帖点赞助手</SName>
      <SImage>images/dbhtdz.jpg</SImage>
      <LogImage>/upload/dbzzs.png</LogImage>
      <Category>3</Category>
      <Description>豆瓣回帖点赞助手可以帮助你增加小组内的帖子人气，批量多账号刷帖子，可以自动打码，随机刷贴内容，非常适合论坛使用，只要你发个帖子，就能使用这款软件快速把帖子顶上去，非常高效迅捷，并且支持挂机模式，不间断顶贴。豆瓣批量点赞助手（多帐号版）用于自动批量赞话题回应，使某条回应始终排在前面，免去手工一个个点赞的繁琐操作，是做seo的利器哦！</Description>
      <Version>1.0.0.7</Version>
      <Scroll>0</Scroll>
      <ExeSize>0.01</ExeSize>
      <Points>20</Points>
      <ExePath>/upload/豆瓣回帖点赞助手.zip</ExePath>
      <Deleted>0</Deleted>
      <Remark1>http://bbs.weilitang.com/VoidPage.aspx?id=41</Remark1>
      <Isty>3</Isty>
    </SoftEntity>
    <SoftEntity>
      <Sid>40</Sid>
      <SName>豆瓣日志回应助手</SName>
      <SImage>images/dbrzhy.jpg</SImage>
      <LogImage>/upload/dbrzhy.png</LogImage>
      <Category>3</Category>
      <Description>豆瓣日志回应助手是一款功能非常强大刷日志软件，能够自动赞话题回应，能让某条回应始终在前面哟！</Description>
      <Version>1.0.0.6</Version>
      <Scroll>0</Scroll>
      <ExeSize>0.01</ExeSize>
      <Points>19</Points>
      <ExePath>/upload/豆瓣日志回应助手.zip</ExePath>
      <Deleted>0</Deleted>
      <Remark1>http://bbs.weilitang.com/VoidPage.aspx?id=40</Remark1>
      <Isty>3</Isty>
    </SoftEntity>
    <SoftEntity>
      <Sid>22</Sid>
      <SName>企业采集器</SName>
      <SImage>images/tycjq.jpg</SImage>
      <LogImage>/upload/QYTQ.png</LogImage>
      <Category>3</Category>
      <Description>企业采访器是一种可以查询到各地的企业的资料，比如每个省每个市的企业单位，包括制造商，贸易商，服务商不单单只是企业单位，还有事业单位，社会团体，个体经营的单位等，包括单位的名称，联系人，手机，座机，地址等，比较适合销售工作人员的使用，从而提高自己的销售业绩。</Description>
      <Version>1.0.0.10</Version>
      <Scroll>0</Scroll>
      <ExeSize>0.04</ExeSize>
      <Points>18</Points>
      <ExePath>/upload/企业采集器.zip</ExePath>
      <Deleted>0</Deleted>
      <Remark1>http://bbs.weilitang.com/VoidPage.aspx?id=22</Remark1>
      <Isty>4</Isty>
    </SoftEntity>
    <SoftEntity>
      <Sid>17</Sid>
      <SName>QQ空间访客提取器</SName>
      <SImage>images/qqkjfktq.jpg</SImage>
      <LogImage>/upload/QQFKTQ.png</LogImage>
      <Category>1</Category>
      <Description>QQ空间访客提取器可以监控指定的QQ空间，每隔指定的时间，采集新的访客。用户可以多帐号登录，有日志追踪功能。随时了解QQ空间状态。</Description>
      <Version>3.5.6.10</Version>
      <Scroll>0</Scroll>
      <ExeSize>1.70</ExeSize>
      <Points>18</Points>
      <ExePath>/upload/QQ空间访客提取器.zip</ExePath>
      <Deleted>0</Deleted>
      <Remark1>http://bbs.weilitang.com/VoidPage.aspx?id=17</Remark1>
      <Isty>1</Isty>
    </SoftEntity>
    <SoftEntity>
      <Sid>18</Sid>
      <SName>QQ群提取好友</SName>
      <SImage>images/qqqtqhy.jpg</SImage>
      <LogImage>/upload/QQQCYTQ.png</LogImage>
      <Category>1</Category>
      <Description>QQ群提取好友一款可以批量提取qq群里面所有群成员QQ号码的软件。主要是帮助客户 获得精准潜在客户, 懂得QQ营销的朋友都明白，QQ群成员是精准的潜在客户.</Description>
      <Version>1.0.1.9</Version>
      <Scroll>0</Scroll>
      <ExeSize>1.47</ExeSize>
      <Points>22</Points>
      <ExePath>/upload/QQ群提取好友.zip</ExePath>
      <Deleted>0</Deleted>
      <Remark1>http://bbs.weilitang.com/VoidPage.aspx?id=18</Remark1>
      <Isty>1</Isty>
    </SoftEntity>
    <SoftEntity>
      <Sid>88</Sid>
      <SName>微信附近人群发消息</SName>
      <SImage>images/wxfjrqfxx.jpg</SImage>
      <LogImage>/upload/wxfjrqfxx.png</LogImage>
      <Category>2</Category>
      <Description>微信附近人群发消息是一款基于安卓系统通过定位向附近人主动打招呼，解放你的双手不再为加粉儿而烦恼了，拥有了它你就拥有了主动权。</Description>
      <Version>0.0.0.5</Version>
      <Scroll>0</Scroll>
      <ExeSize>0.04</ExeSize>
      <Points>0</Points>
      <ExePath>/upload/微信附近人群发消息.zip</ExePath>
      <Deleted>0</Deleted>
      <Remark1>http://bbs.weilitang.com/VoidPage.aspx?id=88</Remark1>
      <Isty>5</Isty>
    </SoftEntity>
    <SoftEntity>
      <Sid>16</Sid>
      <SName>QQ空间实时点赞评论</SName>
      <SImage>images/qqkjssdzpl.jpg</SImage>
      <LogImage>/upload/QQDZ.png</LogImage>
      <Category>1</Category>
      <Description>QQ空间实时动态秒赞秒评论工具是一款空间实时秒赞软件、简单易用的工具，它能够帮助用户实时监控QQ空间的动态，只要它检测到新动态后就能够一键快速刷说说赞。
</Description>
      <Version>4.8.2.7</Version>
      <Scroll>0</Scroll>
      <ExeSize>0.04</ExeSize>
      <Points>0</Points>
      <ExePath>/upload/QQ空间实时点赞评论.zip</ExePath>
      <Deleted>0</Deleted>
      <Remark1>http://bbs.weilitang.com/VoidPage.aspx?id=16</Remark1>
      <Isty>1</Isty>
    </SoftEntity>
  </formCategory>
</SystemSoftSetting>